query,rank,target,score,mean_r,offset,orientation,overlap
1-GGCCCCGCCCC,1,SP1.H12CORE.2.P.B,10.971811220515997,0.9974373836832725,2,-,11
1-GGCCCCGCCCC,2,SP3.H12CORE.0.P.B,10.948204806405018,0.9952913460368198,7,-,11
1-GGCCCCGCCCC,3,SP1.H12CORE.0.P.B,10.946572570230739,0.9951429609300672,2,-,11
2-GATTGGC,1,NFYC.H12CORE.0.P.B,6.956089725618369,0.993727103659767,4,-,7
2-GATTGGC,2,NFYB.H12CORE.0.P.B,6.953833230129591,0.9934047471613702,3,-,7
2-GATTGGC,3,NFYA.H12CORE.0.P.B,6.951493907405237,0.9930705582007482,4,-,7
3-GTGACTCA,1,JUN.H12CORE.0.P.B,7.881565158120502,0.9851956447650627,3,-,8
3-GTGACTCA,2,JUNB.H12CORE.0.PM.A,7.862228109094989,0.9827785136368736,1,-,8
3-GTGACTCA,3,FOSB.H12CORE.0.P.B,7.856546513498032,0.982068314187254,1,-,8
4-GCGCNTGCGCA,1,NRF1.H12CORE.0.PS.A,10.46198268591964,0.9510893350836036,4,-,11
4-GCGCNTGCGCA,2,ZBT14.H12CORE.0.P.C,9.443448312827,0.8584953011660909,0,+,11
4-GCGCNTGCGCA,3,ZBT14.H12CORE.1.S.B,8.12094509114142,0.7382677355583109,2,+,11
5-GTGACGTCA,1,ATF6A.H12CORE.0.SM.B,8.248294973352982,0.9164772192614424,4,-,9
5-GTGACGTCA,2,ATF1.H12CORE.0.P.B,8.20931287717309,0.9121458752414545,1,+,9
5-GTGACGTCA,3,JDP2.H12CORE.0.SM.B,8.035654793928819,0.8928505326587577,5,-,9
6-CCCGCCC,1,KLF11.H12CORE.0.P.B,6.972944984493247,0.9961349977847496,4,-,7
6-CCCGCCC,2,SP3.H12CORE.0.P.B,6.9514694806053035,0.9930670686579005,8,-,7
6-CCCGCCC,3,KLF9.H12CORE.1.P.B,6.951402159088911,0.9930574512984158,5,-,7
7-CTCCTCCTCC,1,ZN436.H12CORE.0.P.C,8.739371056160593,0.8739371056160593,12,-,10
7-CTCCTCCTCC,2,SP5.H12CORE.1.P.B,8.54733546673714,0.854733546673714,9,-,10
7-CTCCTCCTCC,3,ZN263.H12CORE.1.P.B,8.503567204741806,0.8503567204741806,2,-,10
8-AAAAAAAAAAAAAAA,1,ZN362.H12CORE.0.P.C,14.301787673370749,0.9534525115580499,5,+,15
8-AAAAAAAAAAAAAAA,2,ZN613.H12CORE.0.P.C,13.585089640006409,0.9056726426670939,2,-,15
8-AAAAAAAAAAAAAAA,3,CPEB1.H12CORE.1.S.B,12.527867688949392,0.8351911792632928,3,-,15
9-CACTTCCGG,1,ETS2.H12CORE.1.P.B,8.924753606546291,0.9916392896162546,2,-,9
9-CACTTCCGG,2,ETV6.H12CORE.0.PS.A,8.920307316629385,0.991145257403265,1,-,9
9-CACTTCCGG,3,FLI1.H12CORE.0.PSM.A,8.920124266247711,0.9911249184719679,1,-,9
11-GAACTACAANTCCCA,1,ZN143.H12CORE.0.P.B,12.867005864863666,0.9897696819125896,10,-,13
11-GAACTACAANTCCCA,2,ZNF76.H12CORE.0.P.B,12.662073726501895,0.9740056712693765,10,-,13
11-GAACTACAANTCCCA,3,CREM.H12CORE.1.P.C,11.657453122632962,0.7771635415088641,3,-,15
